transaction_id,category,amount,hour_of_day,payment_method,decline_code,is_treated,actually_resolved,gt_would_self_resolve,gt_nudge_effectiveness,gt_sleeping_dog
b3cb2fd0-5c46-4211-8a11-59da883bcfd8,checkout,8393.94,8,upi,U69,True,True,False,0.65,False
16037fda-f2b5-40c9-8239-a6320fcb6c86,subscription,299.0,10,upi_mandate,mandate_expired,False,False,False,0.4,False
53ab0c64-b592-4504-9132-971479095424,checkout,2674.75,4,upi,U69,False,False,False,0.65,False
aa92ec66-bcae-4372-8249-9ba040267bca,subscription,299.0,14,card,mandate_expired,False,False,False,0.4,False
48f14e8c-1827-48e2-9bbd-f78598368392,checkout,14284.38,22,upi,Z9,True,True,False,0.45,False
eefcdeec-8904-43ee-8e69-ccd713bb0c9e,checkout,3673.14,8,upi,Z9,False,False,False,0.45,False
ca85377b-92a0-477b-b400-8d589fab8998,receivable,141661.59,0,bank_transfer,overdue_no_dispute,False,False,False,0.35,False
fe20ee59-a4ad-469b-bcc8-5e8f9b64a4fe,checkout,1214.34,19,card,Z9,False,True,True,0.45,False
109889e2-7471-489d-9348-1b03a3c1e19e,checkout,12274.05,15,card,U69,True,True,True,0.65,False
03131bc3-91f7-48c1-91b9-6e59b91a9ec4,receivable,123930.52,2,bank_transfer,overdue_no_dispute,True,True,False,0.35,False
ed3f2b94-61bc-44fd-8794-db2e2a625236,subscription,999.0,17,card,mandate_expired,False,False,False,0.4,False
e5310a35-f916-4fe4-bb10-c83c823fcf9a,subscription,2499.0,19,card,mandate_expired,True,False,False,0.4,False
879de5f3-daf6-4915-89bb-d3e9daea4d20,receivable,174942.43,13,bank_transfer,overdue_with_dispute_flag,True,True,False,0.35,False
ab2b1c6a-72a6-493e-a114-386069c90f47,checkout,7530.55,12,upi,U28,False,False,False,0.55,False
e3b744ed-2df2-4624-99de-e97a7d3590e2,subscription,499.0,6,upi_mandate,mandate_expired,False,False,False,0.4,False
5a6a31bd-f116-41db-9fe3-a3cd32ad037f,receivable,216933.1,13,bank_transfer,overdue_no_dispute,True,True,False,0.35,False
87099ee6-83a8-4812-a762-bd34c9249607,checkout,13533.0,11,upi,U69,True,False,False,0.65,True
3de1fb69-a91b-4872-a4c6-5357ec66dd09,receivable,78149.05,2,bank_transfer,overdue_no_dispute,False,False,False,0.35,False
6fb5ae98-39ed-4826-b2fc-2aa5edf976f6,checkout,9228.33,11,upi,Z9,False,False,False,0.45,False
814b185e-e984-43b1-85d6-c74ab747a9bc,checkout,10542.69,17,upi,U16,True,False,False,0.0,False
b37b8758-867c-49a4-9163-6b96624e194c,receivable,98483.38,17,bank_transfer,overdue_with_dispute_flag,True,True,False,0.35,False
8d5836b9-2251-46d0-a5a6-5ef42eca31f4,checkout,14994.72,11,upi,Z9,True,True,False,0.45,False
af43a92a-df5d-4920-b414-a7d083fc3d83,subscription,299.0,0,card,mandate_paused,False,False,False,0.4,False
f275f6b0-d965-4187-a438-0d7dd10cb03a,checkout,13749.12,3,upi,Z9,False,False,False,0.45,False
942ccf25-b8aa-4ec9-9f84-90ac6f1571af,subscription,999.0,18,card,mandate_paused,True,True,False,0.4,False
2ab4fefb-afc7-4eb6-8036-b0db705637c2,checkout,5394.65,7,card,U28,True,False,False,0.55,False
ccb24915-3342-4da0-8935-3c04e1fcd0b8,checkout,12895.62,17,upi,U69,True,False,False,0.65,False
1ce670f7-40ef-40c7-a1df-aa9d4427e838,checkout,5738.52,9,upi,U69,True,True,False,0.65,False
ff99461b-4933-446a-b1ef-a0165141f646,checkout,5769.49,19,netbanking,Z9,True,True,False,0.45,False
ab7b54ce-48ea-4699-a64a-ad0ca183a13e,receivable,125673.75,0,bank_transfer,overdue_no_dispute,False,False,False,0.35,False
a7c57d6b-b2e9-4e03-8a7b-8597d03a0d91,subscription,499.0,22,upi_mandate,mandate_expired,True,True,False,0.4,False
ebeeddc0-93e8-4504-8116-83b6c8e57347,checkout,11488.97,11,upi,Z9,False,False,False,0.45,False
e7c7d5a1-356e-4938-8b36-476b92df5f83,subscription,2499.0,8,card,mandate_expired,True,False,False,0.4,False
7c7fb415-65ad-430c-8eba-bafbbf1526b9,checkout,3834.66,13,upi,Z9,False,False,False,0.45,False
751d269f-b9a9-4f3b-97f7-b4d28d70a724,checkout,895.89,13,netbanking,Z9,True,False,False,0.45,False
8eb96e3d-7300-47ca-bd46-67511160ca12,checkout,4645.06,1,upi,Z9,False,False,False,0.45,False
e3a60113-ba34-4877-9a28-415a3a099611,checkout,12026.65,9,upi,U28,True,False,False,0.55,False
51b193f6-e417-4a88-8c5a-95bbeca3502b,checkout,5130.83,19,card,Z9,True,False,False,0.45,False
0f246685-c1fc-407a-9634-6855e4b25b2d,checkout,10452.98,16,upi,U28,True,True,False,0.55,False
74c8c246-3e4a-4436-88c8-a95b393102e1,checkout,14699.39,17,upi,U28,False,False,False,0.55,False
30b29752-4eb2-41b7-81a6-af335e7b53ed,subscription,4999.0,11,upi_mandate,mandate_expired,True,False,False,0.4,False
8c86e305-0888-46e5-b9b9-0f002d133003,subscription,999.0,0,upi_mandate,mandate_expired,False,False,False,0.4,False
0c40fe89-65cc-400c-b830-3df58dedac24,checkout,4650.36,14,upi,Z9,True,False,False,0.45,False
178bb807-35b1-401e-b30d-8218aa820e73,receivable,119212.11,20,bank_transfer,overdue_no_dispute,True,False,False,0.35,False
c72b0a32-e29c-4446-ae9e-db424bb89def,subscription,299.0,12,card,mandate_expired,False,False,False,0.4,False
dc4baf0b-4c8b-4820-ad84-e6f8d2ec8096,checkout,5110.41,19,upi,Z9,False,False,False,0.45,False
460d23a8-2797-4245-a430-054b48785a98,checkout,11843.41,8,card,U69,False,False,False,0.65,False
18a4cea6-0d68-481a-b800-945653552fdf,checkout,14703.58,21,card,Z9,True,False,False,0.45,False
01b85f70-cea0-4c32-bf4f-4c9c3ee36d59,checkout,14672.98,12,upi,U69,False,False,False,0.65,False
47772071-b762-4b8f-93db-7ecb09ce2f7c,checkout,1123.31,15,upi,U28,False,False,False,0.55,False
cffe7f3a-07d8-45e2-aa82-05df3dfe9809,checkout,3134.77,15,upi,U28,False,False,False,0.55,False
2e346ad3-22df-408a-a730-e3fd67b16c01,subscription,999.0,20,card,mandate_expired,False,False,False,0.4,False
c45e77b0-6039-4788-b47c-33583efe8d73,subscription,1499.0,8,upi_mandate,mandate_expired,True,False,False,0.4,False
19c864e3-43fb-45fa-9195-a0849772d781,checkout,2122.7,22,upi,U69,True,True,False,0.65,False
431988cc-438d-40d1-89f8-e0d133fe19fb,checkout,600.52,15,card,U69,True,True,False,0.65,False
3d2e2dc6-21c3-4ce8-8bce-6ab4b703f9bd,checkout,8616.38,14,card,Z9,False,False,False,0.45,False
27e4faf1-8eb9-4a72-b56e-c828aa136660,checkout,2167.38,16,upi,U69,False,False,False,0.65,False
733592d9-f2a3-4a81-8ee4-3de7c9ba1cb3,checkout,8503.09,9,card,U69,False,False,False,0.65,False
26e90fc7-2315-4e96-9d59-9177f36e419f,checkout,7242.36,10,upi,U69,True,True,False,0.65,False
e9aae82a-0ba7-4982-ae1d-0aca036fdd96,checkout,14179.62,9,upi,U28,False,False,False,0.55,False
b5e63007-5191-49d7-a97d-cbb0d1c274fd,checkout,2654.61,8,upi,Z9,False,False,False,0.45,False
b8a6ba3a-3f94-4927-81a5-04be30628116,subscription,299.0,22,upi_mandate,mandate_expired,True,True,False,0.4,False
ddb69479-de64-407f-aeb1-0a0e7762adaa,subscription,1499.0,15,card,mandate_paused,True,False,False,0.4,False
5d87102e-88c3-4738-a7f8-d9ee43d5a8e7,subscription,1499.0,0,card,mandate_expired,False,False,False,0.4,False
06956de0-fc31-423e-93df-93faadbe33d1,checkout,878.49,13,upi,U69,False,True,True,0.65,False
64da977b-4d69-4238-a3f6-de979c965e4d,checkout,9004.39,14,card,U69,True,False,False,0.65,False
e9b0935e-30b5-4d17-8397-65531a2713a2,receivable,113925.14,4,bank_transfer,overdue_no_dispute,True,True,False,0.35,False
b46a361a-faa9-4cf6-ac6d-f3797697c912,subscription,299.0,19,upi_mandate,mandate_expired,False,False,False,0.4,False
acad8e85-b096-45dd-b845-80df0e646544,subscription,499.0,20,card,mandate_expired,False,False,False,0.4,False
0a34e528-6bf8-4802-adde-2f61ad3336ee,subscription,4999.0,11,card,mandate_expired,True,False,False,0.4,False
b3238004-7499-48eb-ba08-e507d8ce3634,checkout,433.42,16,upi,Z9,False,False,False,0.45,False
3b892ec6-6ef0-4756-84e9-dad3719d0f7c,checkout,497.18,23,upi,34,False,False,False,0.0,False
11dc500e-477d-4449-b93e-379c0ca15199,receivable,107809.3,12,bank_transfer,overdue_with_dispute_flag,True,False,False,0.35,False
d217a51b-90a6-4442-97ae-890789aa7df4,checkout,1048.0,1,upi,U28,True,True,False,0.55,False
a63fb537-2256-4960-90b8-832e1b80730f,checkout,11060.48,20,upi,U69,False,False,False,0.65,False
9885ce18-3c36-4fae-9fbf-9c98d5ef5975,subscription,4999.0,10,card,mandate_expired,False,False,False,0.4,False
2d2ea12b-916a-4d0a-87f3-c3e18005a0bd,subscription,999.0,10,card,mandate_expired,True,True,True,0.4,False
a78f7649-7a4e-4dc2-8722-3cb12df52ebf,receivable,101094.46,13,bank_transfer,overdue_no_dispute,False,False,False,0.35,False
a87d4d7d-b86e-4102-a198-a8bc4f23e313,checkout,7974.41,14,upi,Z9,False,False,False,0.45,False
32d731be-7c3d-45cf-af58-3e6014050ccd,checkout,11495.32,1,upi,Z9,True,False,False,0.45,False
8a7fca43-bb74-4a30-88e0-3d39843e151b,subscription,999.0,17,card,mandate_expired,True,True,False,0.4,False
cab3f457-223b-4dac-a905-5eab4e6a8071,checkout,4633.56,19,upi,Z9,True,True,True,0.45,False
dfaf82b7-9a43-4c50-ab31-c2dce4039a29,subscription,999.0,16,card,mandate_expired,True,True,True,0.4,False
b906c230-0148-4058-88b2-6218610d8999,receivable,47308.05,19,bank_transfer,overdue_no_dispute,False,False,False,0.35,False
6c9517db-0832-4307-8d02-58254bbdcb26,subscription,999.0,20,card,mandate_paused,False,False,False,0.4,False
abda5635-48d0-45d0-a87d-d79f681b7a5e,checkout,1075.29,15,upi,Z9,False,False,False,0.45,False
c13f350b-5155-4585-a0ad-5f411d77896a,checkout,6102.43,18,upi,Z9,False,False,False,0.45,False
031a03f5-c5d7-435f-a7c1-ca7bd5666567,subscription,299.0,0,upi_mandate,mandate_expired,True,False,False,0.4,False
eb2d66fa-a56f-4590-b127-fe63ca43bcf7,checkout,2448.16,15,upi,S1,False,False,False,0.0,False
8c3c6294-fc1e-4347-b94f-2e7cf4f2a5d5,subscription,499.0,13,card,mandate_expired,False,False,False,0.4,False
0a6fcc58-bc41-4781-99d7-34b990e33ba9,receivable,50676.39,6,bank_transfer,overdue_no_dispute,True,True,False,0.35,False
f4239433-5da0-4806-8116-bc80a83b414b,checkout,5224.88,6,upi,U16,True,False,False,0.0,False
d27166b4-bb47-4355-83b0-b11a70aac016,checkout,9612.07,16,upi,U69,False,False,False,0.65,False
e2779111-d9e9-4117-a495-8c1d00d3f301,checkout,8100.82,8,upi,U69,False,False,False,0.65,False
1ba76421-c0ea-401e-b0d5-a25df93a80e4,subscription,499.0,16,upi_mandate,mandate_expired,True,False,False,0.4,False
ae900732-226b-46d8-ac33-ef38a8660736,receivable,212623.76,14,bank_transfer,overdue_no_dispute,True,True,False,0.35,False
5ee847a1-b1db-4cec-ba3c-1e2bc24cafec,receivable,20429.08,14,bank_transfer,overdue_no_dispute,False,False,False,0.35,False
4575a88d-81ef-4e71-864f-9c9f932e2580,checkout,1074.5,10,upi,Z9,True,True,False,0.45,False
611de6f2-876a-4f08-89cc-27959861a294,checkout,13882.49,10,upi,Z9,False,False,False,0.45,False
2456187a-648d-4f29-adff-8efaced8f2dc,receivable,14217.61,21,bank_transfer,overdue_no_dispute,True,True,False,0.35,False
4c91f0d8-8e2b-4ffb-a4b6-efee1ed5fe25,receivable,180229.52,19,bank_transfer,overdue_with_dispute_flag,True,True,False,0.35,False
48507e47-b37a-4b63-af86-f70467239534,checkout,10485.3,23,upi,U69,True,True,False,0.65,False
d577a062-df9a-486f-ad00-ef28313cdc52,checkout,9312.82,9,upi,Z9,True,True,False,0.45,False
98cc8c7c-06f5-49fe-8915-3a5a7d59bd16,checkout,9721.06,14,upi,U28,False,False,False,0.55,False
529d988f-7c2e-483c-93da-3c8fdb909369,checkout,10388.28,17,card,Z9,False,False,False,0.45,False
08d26af8-6251-4790-9307-2d1ce361b7ec,checkout,12692.65,20,upi,Z9,True,False,False,0.45,True
d6ae5c6d-297c-41ad-8935-9d793a950304,subscription,1499.0,16,upi_mandate,mandate_expired,True,True,True,0.4,False
cf4a66c9-9450-41c2-b445-2695fb47e1df,checkout,10675.75,10,upi,U69,False,False,False,0.65,False
c3b5ced4-c1e7-49a7-b8f9-e5e35dfe99f9,checkout,9589.8,10,card,U69,True,True,False,0.65,False
8adc8109-3ce2-4a44-8238-4dfd604ff9df,subscription,999.0,22,upi_mandate,mandate_expired,True,False,False,0.4,False
f72b9683-4575-494f-b951-dd06b53a4670,subscription,1499.0,19,card,mandate_expired,True,False,False,0.4,False
f3a64ead-2d5c-43a8-a57f-243f26cd9e67,subscription,299.0,13,card,mandate_expired,True,False,False,0.4,False
9afb01bf-1518-47dc-aee0-fb78555d5477,checkout,7015.4,3,card,U69,False,False,False,0.65,False
36fb826d-1d77-47b6-877c-d88bfcae6f0a,checkout,1535.39,22,upi,U69,True,True,True,0.65,False
9882003c-c89a-41bc-9cc1-560162c1a816,checkout,6162.33,14,upi,U69,True,True,True,0.65,False
9272d29a-fcb6-488f-831c-7ef05d1daea4,checkout,1482.91,19,upi,U28,True,False,False,0.55,False
ab6b7eb0-d675-4586-9905-0bee884b8f31,receivable,41091.61,4,bank_transfer,overdue_with_dispute_flag,True,False,False,0.35,False
074c93ff-85ef-4468-a58a-78062113526d,checkout,12994.35,10,upi,U28,False,False,False,0.55,False
4e2751e3-43ac-41f5-86e4-67d00500c605,checkout,13065.31,17,upi,U69,False,False,False,0.65,False
bb215cda-d1a3-4e47-a4bd-2ada18eaaefd,checkout,7646.0,13,upi,Z9,False,False,False,0.45,False
9aff538b-191f-4e2c-bcbf-11fcfee32b4d,checkout,735.46,7,upi,S2,False,False,False,0.0,False
9e3ba60a-00b7-44b5-ad35-18161394e8c8,checkout,1931.94,12,upi,U28,False,False,False,0.55,False
7b1e4917-34e9-482a-b989-9568b8871588,checkout,5371.52,18,card,U28,True,True,False,0.55,False
9a77d0d4-82e4-471c-8462-a0b45c4ae0bc,checkout,1843.8,17,upi,U69,False,False,False,0.65,False
17fb0977-c3d4-419c-a7cc-74bd64a061f4,checkout,12075.33,18,card,U16,True,False,False,0.0,True
c55ca131-defd-4bf6-a90f-7af9b6dbd363,subscription,499.0,0,upi_mandate,mandate_expired,False,False,False,0.4,False
e803b5ba-0c93-4071-8760-ca118c2fd4aa,subscription,299.0,14,upi_mandate,mandate_expired,True,False,False,0.4,False
a95fb9de-ca9e-4f88-81e7-7bd8e77d89a3,checkout,403.42,6,upi,Z9,False,False,False,0.45,False
21a1aa26-70c9-49ea-ae5d-6f6a69a1db63,checkout,4335.11,8,netbanking,Z9,False,False,False,0.45,False
9faf5eb8-382a-4ca3-bc9c-6b5a52a3b083,checkout,8921.72,8,upi,U28,False,True,True,0.55,False
52cc82c9-3e6c-4f18-a4fd-57812a851281,receivable,225396.99,4,bank_transfer,overdue_with_dispute_flag,True,False,False,0.35,False
7bfd7b0a-50c2-43fc-a60b-7e0d78aeeb58,checkout,9025.44,22,upi,U69,True,True,False,0.65,False
0705e656-53ae-424c-86cd-86ab7db300a9,checkout,8685.62,18,card,Z9,False,False,False,0.45,True
a9ef4ae8-da29-4c0c-b4bb-f40a5fa48c3d,checkout,8776.8,9,upi,Z9,False,False,False,0.45,False
b7926dc1-856d-4127-91ea-a214144ba76b,subscription,2499.0,15,card,mandate_expired,False,False,False,0.4,False
f1d85881-66c1-4a3b-ab65-85e778975658,checkout,5095.31,12,upi,Z9,False,False,False,0.45,False
5101d2d2-c88b-443e-97c5-4e2490b3a106,checkout,12156.88,23,upi,U69,True,True,False,0.65,False
f7519de4-61b7-477d-9408-49319b17ee03,subscription,299.0,3,card,mandate_paused,True,False,False,0.4,False
d3de34ed-b577-49fb-824b-7e3e843f53de,checkout,11266.23,21,upi,Z9,True,True,True,0.45,False
edb60f12-d90e-404b-9548-8b94a139bc0c,checkout,8668.96,4,upi,U28,False,False,False,0.55,False
16d781b1-1a28-4559-96ce-c9719f7ad311,receivable,64730.11,15,bank_transfer,overdue_no_dispute,True,True,False,0.35,False
7a6f74cf-a7b2-46c5-8820-db6f0e6be750,checkout,7362.4,6,netbanking,K1,False,False,False,0.0,False
66e7ad22-a132-4b9d-8d2c-1c1d5825bc96,receivable,79632.68,14,bank_transfer,overdue_no_dispute,True,True,False,0.35,False
69d8c4f7-9116-4009-88f6-28c068abea88,checkout,12984.97,19,upi,S2,False,False,False,0.0,True
5abaaa8c-1b49-41b7-89ef-373078295924,receivable,235758.19,6,bank_transfer,overdue_no_dispute,False,False,False,0.35,False
0457aa12-8f8a-4182-9784-b977597cafeb,receivable,45009.64,11,bank_transfer,overdue_no_dispute,True,False,False,0.35,False
ca350298-a38e-4fcb-9ea8-fa39b59735b6,subscription,499.0,15,upi_mandate,mandate_expired,True,False,False,0.4,False
65a6dea2-3c83-40f3-9203-acdc26c57fda,checkout,4775.24,0,card,Z9,False,False,False,0.45,False
432717b7-4c00-4666-9484-6519779ff1bd,checkout,2130.61,8,card,U28,True,True,False,0.55,False
283b3b7a-6ace-4ffa-87c8-deff3d4f3617,checkout,13432.24,1,upi,U28,False,False,False,0.55,False
a17c1e5c-6c68-40f9-a5b9-5e176e63b854,receivable,161725.8,18,bank_transfer,overdue_no_dispute,True,False,False,0.35,False
5896f872-68b6-4621-9da8-9ef922f61567,checkout,4108.88,1,card,U69,True,True,False,0.65,False
f94e6e15-b3b4-4342-b593-c4ff2d86a0bd,checkout,7011.38,5,upi,U28,True,True,False,0.55,False
7ec95e98-d8fb-4934-bb60-87ed11f41005,checkout,2014.66,8,upi,U28,True,False,False,0.55,False
c696d148-ef2f-4bc9-ab08-c87f67908bbe,checkout,8046.89,4,upi,Z9,False,False,False,0.45,True
ebc29716-81ac-4f95-b910-30433b14df98,checkout,6949.59,23,upi,34,True,False,False,0.0,False
c3540cc0-9df9-40f7-9cbc-9c27f415a66a,checkout,14032.29,16,card,Z9,True,False,False,0.45,False
a7d945b3-4706-47a8-b3a0-d7ef80efbd70,subscription,299.0,10,card,mandate_paused,False,False,False,0.4,False
4e369443-4f7e-466a-8bba-0243e9ed49e0,checkout,9419.25,16,upi,U28,False,False,False,0.55,False
94b052a5-e619-48c5-a6cd-c39a3ee4fa48,checkout,9926.34,10,upi,Z9,False,False,False,0.45,False
590e4ce9-25ab-4690-86c6-d5c3ff9f1181,checkout,9474.18,14,upi,Z9,True,True,True,0.45,False
88dc3d19-6058-4927-8373-cb32fad64f1a,checkout,11568.46,16,netbanking,Z9,True,False,False,0.45,False
9347513c-25cb-4150-bfff-a1ba9ca9e9e6,checkout,4457.3,11,card,Z9,False,False,False,0.45,False
989e2da0-77cc-4f6f-8c8e-fe752e503c9f,checkout,4147.05,23,card,Z9,True,True,False,0.45,False
c6b48b1f-58fb-468d-aa94-a188cb8a080b,receivable,45192.16,17,bank_transfer,overdue_with_dispute_flag,True,False,False,0.35,False
c4dad408-77b2-42a9-9886-c53c77464133,subscription,299.0,16,card,mandate_expired,True,False,False,0.4,False
99779ceb-dc36-4ad7-9588-8cfba1f66d6e,subscription,1499.0,11,upi_mandate,mandate_expired,True,True,False,0.4,False
c9fa006f-97e2-4900-9038-63fa581467f1,checkout,14442.5,13,upi,Z9,True,False,False,0.45,False
c7e6926b-0553-41fd-b5bc-89c9c1d12a0f,checkout,1599.66,8,upi,Z9,True,True,True,0.45,False
bc0429f3-83bd-4529-bb73-d1f4231e8091,checkout,2604.04,17,card,U69,False,False,False,0.65,False
94986f61-c3c0-407f-9452-b50e2eedfc33,checkout,4897.43,17,upi,Z9,False,False,False,0.45,False
dbe19e72-7dff-4593-8b38-f37db5cc61b0,subscription,299.0,14,upi_mandate,mandate_expired,False,False,False,0.4,False
60fe2874-1537-4345-ada3-22ca73cd67f3,checkout,12404.05,7,upi,U28,True,True,False,0.55,False
712837d5-804a-43a4-b11e-2729dc0577fe,receivable,12838.13,15,bank_transfer,overdue_with_dispute_flag,True,True,False,0.35,False
ba43bda8-a88d-4bdb-95f5-0d0c26d4752d,checkout,3000.95,21,upi,Z9,True,False,False,0.45,False
be9ee2d9-5064-4c4a-a0b9-c703adc16598,checkout,4945.47,15,upi,Z9,True,False,False,0.45,False
a538679a-a304-4e5d-aaeb-6218720fbfad,checkout,1597.32,2,card,U69,True,True,True,0.65,False
f378c223-f953-4311-a7e7-634d2c20ee60,checkout,6880.14,5,upi,U69,False,True,True,0.65,False
6037c0e0-20d8-4dcd-9d4d-9588efef1dba,checkout,9726.7,0,card,Z9,True,True,True,0.45,False
4460b8f2-742c-4e1f-b1b0-c7b3d32730b6,receivable,225568.94,19,bank_transfer,overdue_with_dispute_flag,True,False,False,0.35,False
ba6e893d-4f13-426d-8635-20127ec7f071,checkout,7358.01,13,card,U69,False,False,False,0.65,False
b5f9e84c-c971-4e86-b02c-62ea76c0c5e9,checkout,14053.07,10,card,U28,False,False,False,0.55,False
52c68b2f-6b97-4bb1-8e8c-220e2d493491,checkout,2502.7,8,card,U69,False,False,False,0.65,False
8a964d08-9531-432a-88c9-fec1973b1e37,checkout,10275.63,17,upi,U69,True,True,False,0.65,False
88b9a9dc-d54e-4a53-8fa3-ccc63e9776ac,checkout,12613.77,21,card,U28,True,True,False,0.55,False
22567e04-30da-4a33-8675-18446e3ae5cd,checkout,583.37,15,upi,Z9,True,False,False,0.45,False
b0bf8d0a-e0bb-45d9-8341-067f20727c3d,checkout,12177.81,17,upi,Z9,True,False,False,0.45,False
4a04ad54-077e-4f09-a2ab-e30304d735fc,subscription,499.0,14,upi_mandate,mandate_expired,False,False,False,0.4,False
a1eacd9e-8757-49fa-9150-7e9a52e1af55,receivable,183121.66,18,bank_transfer,overdue_no_dispute,False,False,False,0.35,False
dc4ca2f9-0c09-422d-96f5-7186c8bd0d85,checkout,13468.9,12,netbanking,Z9,True,False,False,0.45,False
ce537c9a-d199-47c7-8ba1-3c479925c55c,receivable,45301.49,19,bank_transfer,overdue_no_dispute,True,True,False,0.35,False
97088217-e510-4ff6-8bef-489f15b67520,receivable,134623.38,22,bank_transfer,overdue_no_dispute,False,False,False,0.35,False
7b706c4f-7143-49f2-b620-9a212b0eae25,checkout,3796.24,16,card,Z9,True,False,False,0.45,False
69118015-392e-405c-8d27-6cd9a10b19e5,checkout,12721.57,10,card,Z9,False,False,False,0.45,False
a994fd88-ebec-47c7-a35e-3ea8262db530,checkout,11008.94,10,card,Z9,True,False,False,0.45,False
89228d33-6083-46d2-aca6-7ac3d4da8a70,checkout,781.22,14,card,U69,False,True,True,0.65,False
8bf2cb45-8146-4bad-9681-f7fca2f8c167,checkout,2116.5,18,card,U28,False,False,False,0.55,False
ef8916c2-9cb5-4ca5-85df-9be13d57216e,checkout,2310.67,7,upi,U69,True,True,False,0.65,False
e07c9aae-cb4a-4401-84f1-41f3234840b7,checkout,7038.92,13,upi,Z9,True,True,False,0.45,False
15eb6126-f70d-467a-b8ff-39eee20ff1a5,receivable,94785.07,21,bank_transfer,overdue_with_dispute_flag,True,True,False,0.35,False
aaf58d29-e33d-4a20-bf01-53f0288fb540,subscription,1499.0,17,upi_mandate,mandate_expired,True,True,False,0.4,False
e90a3a58-ede0-40ba-aa3a-ce81cb9b8987,subscription,4999.0,5,upi_mandate,mandate_expired,True,True,False,0.4,False
99935a54-aa5a-471c-86e7-83f87d884928,subscription,4999.0,13,upi_mandate,mandate_expired,False,False,False,0.4,False
416f72e8-18f2-4ef3-bbeb-6f82db19c829,checkout,8954.8,13,upi,U69,False,False,False,0.65,False
38cfa2b7-aca7-4600-9010-cb91f38ee5a9,checkout,11629.69,9,upi,U69,True,False,False,0.65,False
c0f2722c-1da1-4bfc-857c-21d6a9771914,subscription,2499.0,11,upi_mandate,mandate_expired,True,False,False,0.4,False
9e216e7f-5fdf-4558-8624-03cb0bdf7b33,subscription,999.0,18,upi_mandate,mandate_paused,False,True,True,0.4,False
fefd5120-d812-4df5-8965-b4fc5780cc2d,receivable,145055.21,2,bank_transfer,overdue_no_dispute,True,False,False,0.35,False
6cabd527-a643-4971-b7c9-65d69f88e4ba,checkout,12781.52,11,card,Z9,True,False,False,0.45,False
b0477023-9997-4eb9-b1dc-e4e84f6bd1fc,checkout,8826.14,9,upi,U28,False,False,False,0.55,False
15bf0943-57c5-4a44-b9ee-ba9af949118d,receivable,208721.92,0,bank_transfer,overdue_no_dispute,False,False,False,0.35,False
5fa550e7-a26c-4681-8112-5e1fcdeabba5,checkout,3613.48,12,upi,U69,True,True,False,0.65,False
7de1ce5e-509c-4e43-ba5e-1c8984574f65,subscription,999.0,9,card,mandate_paused,False,False,False,0.4,False
0f506ff3-27a6-4260-a73e-78c52b905a46,subscription,499.0,6,upi_mandate,mandate_paused,True,False,False,0.4,False
c95228ac-31c2-4604-97a8-8779fd5deee1,subscription,4999.0,15,upi_mandate,mandate_expired,False,False,False,0.4,False
8aba0c6f-7b0b-47c5-bc33-9d0c08d9448a,receivable,36550.86,18,bank_transfer,overdue_no_dispute,True,False,False,0.35,False
9e97246b-b0f9-467e-93e0-ad07da83c7b4,receivable,240501.71,20,bank_transfer,overdue_no_dispute,True,True,False,0.35,False
fbf96320-123a-43ca-b7fc-33181f02deb3,receivable,248164.75,17,bank_transfer,overdue_no_dispute,True,False,False,0.35,False
6ad8046e-33e8-4fd3-ba96-2ce953c66abc,subscription,499.0,23,card,mandate_paused,False,False,False,0.4,False
16791d7e-ea97-4d05-8b08-23b57808acf9,receivable,9866.93,15,bank_transfer,overdue_no_dispute,False,False,False,0.35,False
959964f5-d3c0-417a-934c-361329a51278,subscription,499.0,14,card,mandate_expired,True,False,False,0.4,False
5922a6bd-9a0b-48ee-9b66-10aa8dd248a7,subscription,1499.0,16,card,mandate_paused,True,False,False,0.4,False
eeb3c9a7-aa54-47cc-945a-49f4580071e9,checkout,12017.05,23,upi,U69,True,False,False,0.65,False
6bab3726-63a9-4686-b718-33e7186acdc3,subscription,2499.0,23,card,mandate_expired,False,False,False,0.4,False
eee07742-c828-4c27-a189-ede803283673,checkout,12435.42,14,upi,U69,True,True,False,0.65,False
05902b49-7b8f-45ee-b59a-537610e1b462,subscription,4999.0,16,upi_mandate,mandate_expired,False,False,False,0.4,False
3cb21806-457d-457e-b473-a0953bebbe79,checkout,7163.73,12,netbanking,Z9,False,False,False,0.45,False
95f58493-e025-46c4-bcb4-668c27fcb213,subscription,299.0,12,upi_mandate,mandate_paused,True,False,False,0.4,False
613f97de-f82f-4909-a34b-4c6d0d10d84a,receivable,10336.52,13,bank_transfer,overdue_no_dispute,True,False,False,0.35,False
47389c57-3835-45e9-9121-b3315e369d11,checkout,9907.37,14,upi,K1,True,False,False,0.0,False
a3d278b2-5fcd-426d-94ca-e4a272341bd6,receivable,156760.72,13,bank_transfer,overdue_with_dispute_flag,True,False,False,0.35,False
4ed45fad-0e61-42df-a591-32fa0eac5dcd,checkout,13053.39,15,upi,Z9,True,True,False,0.45,False
dadcb8ef-aaa2-4f5b-b54d-3c36d5b17811,checkout,6774.03,8,upi,Z9,True,False,False,0.45,False
861a0f49-b8d7-415b-a887-8fa0964e5cbe,checkout,2270.2,18,upi,Z9,False,False,False,0.45,False
c3b9308c-e6db-4a57-811b-8e18cdf33870,checkout,13559.57,13,upi,Z9,False,False,False,0.45,False
4c44c3a9-78cf-47bb-a487-0046da3164c1,subscription,2499.0,22,card,mandate_expired,False,False,False,0.4,False
50cc7545-3b7f-43b8-b10c-6a22e4b97e88,subscription,299.0,15,card,mandate_paused,True,False,False,0.4,False
2b8bc9ff-24e5-4e8e-9b25-dce846ccb1bd,subscription,299.0,23,card,mandate_expired,True,True,False,0.4,False
3b9decb3-d7ff-4fc8-ad0e-e97b31eb153c,receivable,208838.15,16,bank_transfer,overdue_no_dispute,True,False,False,0.35,False
d376ae53-1071-4563-a482-326bdfc32cdb,subscription,1499.0,23,upi_mandate,mandate_expired,False,False,False,0.4,False
e42334cd-188c-4ae1-801e-2cfde76373a2,checkout,11172.01,2,upi,Z9,True,True,False,0.45,False
6285c4ea-b336-4286-9a33-cac01c206055,checkout,2713.52,12,card,U69,False,True,True,0.65,False
97e370f6-fea2-42ba-8a37-cedd38709534,subscription,299.0,15,upi_mandate,mandate_expired,True,True,False,0.4,False
73cb64ff-789e-4084-8164-e0f7aac38733,checkout,8714.31,20,upi,Z9,False,False,False,0.45,False
1b94ccf0-85bc-4035-83b9-2b01b383c28a,checkout,5103.3,17,upi,U69,False,False,False,0.65,False
f0a72912-5287-4176-b164-b68836d64e59,subscription,499.0,15,card,mandate_paused,False,False,False,0.4,False
a8caef0a-3f17-41cd-ad22-477bd366acf2,checkout,12071.72,5,card,Z9,False,False,False,0.45,False
4b4b0d19-2743-4b3b-bc8b-6cbd7ebd3f90,checkout,8189.0,22,upi,U69,False,True,True,0.65,False
5c19b1c7-8ecb-449f-98fb-17c245114442,checkout,11789.95,15,upi,34,False,False,False,0.0,False
0b576d00-fa64-4089-8f65-23724eae35e4,checkout,5217.28,18,upi,59,False,False,False,0.0,False
658660f7-b90d-4aec-8e8c-a51e69289e26,checkout,11721.23,19,card,U69,False,False,False,0.65,False
9d4fe18f-76d4-4486-ba48-46e6190df842,checkout,6998.68,9,upi,Z9,True,False,False,0.45,False
31a0655f-776b-44d1-9ea4-71c8e53fc437,subscription,4999.0,17,card,mandate_expired,True,False,False,0.4,False
934a6a7d-fceb-421e-bab3-3662c0af032c,subscription,299.0,18,upi_mandate,mandate_expired,False,False,False,0.4,False
9cc2a474-474b-40a0-85cb-8f624acee11c,checkout,10171.48,17,upi,Z9,True,True,False,0.45,False
2386a560-e029-49bf-bd0a-0ec616354deb,checkout,10770.58,23,upi,U28,False,False,False,0.55,False
614c8412-4f4f-4259-8e6c-1f828915d62a,checkout,3546.33,14,upi,U69,True,False,False,0.65,False
8bb70f0b-3966-46a5-ad92-6b8ddbb38936,checkout,9391.09,13,card,U69,False,False,False,0.65,False
39dd71d2-4584-4d35-a3e6-eeeee91285b3,checkout,13461.45,23,netbanking,U69,False,False,False,0.65,False
5e07760e-ed26-46f7-9023-2a6d37f2236e,checkout,621.06,16,upi,Z9,True,True,False,0.45,False
3e5571c0-a5b9-4480-862c-b4b8f7dd8116,checkout,8016.14,16,card,Z9,False,False,False,0.45,False
d80b025c-c43d-43ab-951e-152bf0fd47ee,receivable,50418.37,15,bank_transfer,overdue_no_dispute,False,False,False,0.35,False
608b4d77-9040-4e16-9a55-4f793eb8a3c8,checkout,9000.19,18,upi,Z9,True,False,False,0.45,False
055954fc-2a19-41c0-b700-74095a302b21,checkout,6830.83,17,upi,Z9,False,False,False,0.45,False
e9f6806e-a160-4927-9a89-59b191aac40f,checkout,6089.8,10,card,Z9,False,False,False,0.45,False
af2fc6de-5084-4f27-a71d-e02f4d33abdb,checkout,11552.47,6,card,Z9,False,False,False,0.45,False
4cdb194d-ea79-4c55-bb3b-caa3092016d2,checkout,385.92,20,upi,U69,False,True,True,0.65,False
6d252ecc-0961-4d43-aa32-a1e93475fc61,checkout,5093.84,12,upi,Z9,True,False,False,0.45,False
9aaba0ab-2a41-4ecf-9814-adeb61e51de8,checkout,10800.02,22,upi,Z9,False,False,False,0.45,True
d04f7019-bb40-4525-9b93-9496a7265f02,subscription,499.0,16,upi_mandate,mandate_expired,False,False,False,0.4,False
522f5754-421f-40b7-baad-b09240e82fa0,subscription,299.0,18,upi_mandate,mandate_expired,False,False,False,0.4,False
72bfaee5-6db2-45c7-ae50-3346c4b88aff,checkout,8730.16,14,card,U69,True,True,False,0.65,False
3bb224a5-9a09-495a-80a0-1c514752eb70,subscription,1499.0,14,upi_mandate,mandate_paused,True,False,False,0.4,False
5077a9fb-2779-47ae-995e-7d3f3de8fd5e,subscription,1499.0,19,card,mandate_expired,False,False,False,0.4,False
4d7416c7-a229-488d-87cd-48ecdd9121d1,checkout,6828.63,19,upi,U28,False,True,True,0.55,False
ffbc1e82-d4c9-4769-8f21-1f6f49ed1c38,checkout,8268.75,6,upi,Z9,True,False,False,0.45,False
75cd7fc8-f221-47e7-8de7-7a3ea711df38,checkout,891.0,13,upi,59,False,False,False,0.0,False
3a21a19f-38bb-4405-a91f-93bf17c3bb1e,subscription,1499.0,8,upi_mandate,mandate_expired,True,False,False,0.4,False
452f885b-953e-469e-850f-ce3535ea90c4,checkout,10720.8,8,upi,Z9,False,False,False,0.45,False
ea0a7f11-782c-4051-9b2d-56daef6b4e71,checkout,14675.41,16,upi,Z9,False,False,False,0.45,False
f4df3ee2-f7b7-4cec-8649-773aff6cfc1e,receivable,100975.8,23,bank_transfer,overdue_no_dispute,False,False,False,0.35,False
2f6c1b41-da54-4778-a0db-8d13625bc00a,receivable,102248.27,18,bank_transfer,overdue_no_dispute,True,False,False,0.35,False
11070b47-f334-4afb-8e72-2433e277942b,checkout,11565.42,23,upi,U69,True,True,False,0.65,False
2342a8a4-c372-48ea-84af-373d4f28423e,checkout,10427.53,17,upi,U28,True,False,False,0.55,False
6f98799c-4c58-4a33-ba46-8b6679a7484f,receivable,167838.53,16,bank_transfer,overdue_no_dispute,False,False,False,0.35,False
350db5ce-27b3-4574-b83d-61d5c690ecc4,receivable,12661.66,9,bank_transfer,overdue_no_dispute,False,False,False,0.35,False
809a3176-cd6a-4111-be96-8f11b0556ea5,checkout,14310.75,2,upi,U69,True,True,False,0.65,False
83ba0c62-8d8c-4311-a3f6-51099c29585e,checkout,12434.82,16,upi,U69,False,False,False,0.65,False
40cb2efb-7f6b-4e0f-b208-260bd63ff066,receivable,216536.38,9,bank_transfer,overdue_no_dispute,True,False,False,0.35,False
7e30fec6-e73f-485f-8705-d4007ea826e0,subscription,2499.0,3,card,mandate_expired,True,False,False,0.4,False
eff9ad99-eebd-477d-b81c-677e778300df,subscription,499.0,21,card,mandate_expired,True,False,False,0.4,False
74d5005c-89ef-41e3-a081-cc3c242d9b72,subscription,999.0,14,upi_mandate,mandate_paused,True,False,False,0.4,False
d51ae821-f6ba-49ed-b6cd-3873da843465,checkout,2142.44,14,card,U69,False,True,True,0.65,False
aa5692f5-4ed3-44dc-8675-63d5a1a68b83,subscription,1499.0,23,card,mandate_expired,True,True,False,0.4,False
97e171c6-392e-4cf6-b144-29a25ac4c115,checkout,7759.99,18,upi,Z9,False,False,False,0.45,False
102de80d-95c4-466f-a914-b6b07c990004,checkout,12537.2,12,upi,U28,False,False,False,0.55,False
5a6a85bb-b2f1-4644-8433-e4d5da6e4993,subscription,999.0,21,card,mandate_expired,True,True,False,0.4,False
b7fd6345-ec65-4d30-a07d-223afc6f27ac,receivable,25457.15,16,bank_transfer,overdue_no_dispute,True,True,False,0.35,False
a70937ac-667d-4e75-acd6-c0c3a0edb25b,checkout,11265.77,6,upi,Z9,False,False,False,0.45,False
3b13eb9a-855c-4a3e-a4e5-c0e4c8123c30,checkout,9133.52,23,upi,U69,True,False,False,0.65,False
7eaa4459-3b23-4718-b9eb-9bfb26b829d0,checkout,3043.36,12,upi,34,True,False,False,0.0,False
071bec56-569e-4100-8688-6eec4d12390d,receivable,46895.3,22,bank_transfer,overdue_no_dispute,True,True,False,0.35,False
21cbb2ac-4289-4a79-8314-aba723b547f5,checkout,1630.54,17,upi,Z9,True,True,False,0.45,False
b3a495a7-1f00-4f02-b61c-f76f7fbe47a2,checkout,3144.12,18,upi,Z9,False,False,False,0.45,False
eb2c2eb3-0005-40df-b47e-a6fead8e293d,checkout,10271.42,10,upi,Z9,True,False,False,0.45,False
11883458-daab-4bee-8b64-e0e245fa8125,receivable,136303.25,14,bank_transfer,overdue_no_dispute,True,True,False,0.35,False
b013b647-19ff-4412-ac5b-e6ba59ea21e3,subscription,999.0,16,card,mandate_paused,True,True,False,0.4,False
4a535993-a8fa-4751-a1c6-8966305e91e2,checkout,3195.52,15,upi,Z9,True,False,False,0.45,False
9183683e-50f0-4583-bc6f-eff853d34340,checkout,11553.81,11,upi,S2,True,False,False,0.0,False
de6163b1-5cdc-4ea1-9ac6-5c51f9bc6936,checkout,11677.19,21,upi,Z9,True,False,False,0.45,True
ec24fe3c-5808-45cb-a57d-50bdac54ab56,subscription,299.0,12,upi_mandate,mandate_expired,False,False,False,0.4,False
593f4de6-bf7a-4b03-85ac-e5967f78d670,checkout,11124.58,19,upi,U69,False,False,False,0.65,False
0d689e1c-fd08-4348-babb-f2d86acfdaa4,subscription,999.0,12,card,mandate_expired,False,False,False,0.4,False
8f67928d-4b6b-4aa4-80f8-21be43cce6c7,subscription,4999.0,10,upi_mandate,mandate_expired,True,False,False,0.4,False
8547c466-5088-4c22-8b20-68bbd9092883,checkout,1465.99,16,card,U69,True,True,True,0.65,False
74f8cbe6-679b-42b5-9463-39b84ee7f443,subscription,999.0,8,upi_mandate,mandate_expired,True,False,False,0.4,False
6d09c30c-66d5-4aad-9cb6-d8b2e3051fd9,checkout,14031.41,13,upi,Z9,True,False,False,0.45,False
667d2e50-ce9e-4fe0-88cb-8838e78085a7,checkout,11144.83,16,upi,U69,False,False,False,0.65,False
717d75d0-8f2a-4e26-b98c-377c5ccefb27,subscription,999.0,10,card,mandate_expired,False,False,False,0.4,False
ec0f5a11-22aa-4a13-9601-63465b1e3799,receivable,119807.58,13,bank_transfer,overdue_no_dispute,True,False,False,0.35,False
be77031e-13d0-4997-b810-f44cf41e5a9f,subscription,999.0,6,card,mandate_expired,False,False,False,0.4,False
6071d246-08df-4e24-9d76-eedb238a2347,receivable,164247.1,12,bank_transfer,overdue_no_dispute,True,True,False,0.35,False
4a8a4602-fec6-4136-8598-5755716cace6,checkout,4398.17,10,card,Z9,False,False,False,0.45,False
e47d2c27-b5a2-41a4-972a-e467ef06cc27,checkout,11520.39,23,card,Z9,False,False,False,0.45,False
fa7a65c3-2dfa-4248-8a9d-ac3ad8623ad9,checkout,5761.6,11,upi,U69,True,True,False,0.65,False
6c2d07c7-f7be-4581-9285-90deb6a64cbc,checkout,8637.56,9,card,Z9,True,False,False,0.45,False
401dba79-23b2-4c1d-b8c9-e0d9ddf4b102,subscription,299.0,8,upi_mandate,mandate_expired,True,True,False,0.4,False
4b16504c-63bc-4994-903c-95e8016378c4,checkout,5237.05,3,upi,U69,False,False,False,0.65,False
ee434ead-672c-4fef-9375-6730460f1d4f,checkout,6399.77,3,upi,Z9,False,False,False,0.45,False
4122bcea-8e47-4b71-b38c-238aeb293c4a,checkout,6499.44,22,upi,U69,False,False,False,0.65,False
e65442fd-1ec4-425f-80c5-b0eba2288435,receivable,221411.99,14,bank_transfer,overdue_no_dispute,False,False,False,0.35,False
7a3057be-87f6-4991-90f9-cec1c192a0e9,checkout,13295.3,9,upi,U69,True,True,True,0.65,False
affc144a-205a-4db4-a571-2ae44b3e7fd4,subscription,4999.0,11,upi_mandate,mandate_paused,True,True,False,0.4,False
e8c147ae-37f7-42fe-a0ee-42ea38ed2d41,subscription,4999.0,19,card,mandate_expired,True,False,False,0.4,False
58055d59-486f-49a8-aa39-ac1442333d31,receivable,144855.06,22,bank_transfer,overdue_no_dispute,False,False,False,0.35,False
5689574d-95ac-4d01-a4e0-9f49a79b9579,checkout,7694.51,5,upi,Z9,False,False,False,0.45,False
b683211a-4287-4ff3-828f-0a9e21fce80e,subscription,999.0,4,upi_mandate,mandate_expired,True,False,False,0.4,False
8793c0cc-4d70-4ada-940b-cb8d38473e71,checkout,4903.89,14,card,Z9,True,False,False,0.45,False
30c101b5-8d6e-49ce-a274-ae49f40aff88,checkout,7612.62,20,upi,U28,False,False,False,0.55,False
c16f3097-fcb7-4d3b-8d97-cf0e1f30a3af,checkout,10847.04,19,upi,Z9,True,True,False,0.45,False
2b523ca8-4644-4e63-9911-293367eb839b,checkout,12350.45,13,card,U28,True,True,False,0.55,False
99da31e3-7b80-4b7d-9e6a-1ae4cf9d3af8,checkout,14684.96,0,upi,U69,True,False,False,0.65,False
602c2840-0bfe-4caf-af74-86b765a78409,subscription,999.0,17,upi_mandate,mandate_paused,False,False,False,0.4,False
cf405918-8ab5-4ae4-b75c-822bc200e6fa,checkout,7880.55,14,card,Z9,False,False,False,0.45,False
fb90cee3-1470-4051-aa26-c3439ad8335f,checkout,9234.08,17,upi,U69,False,False,False,0.65,False
30db6b6f-3f25-499d-b5c4-d43786b480ae,checkout,12748.21,12,upi,Z9,True,True,False,0.45,False
288da2f9-82d8-4386-944c-91e495b70be8,checkout,12509.36,10,upi,U69,True,True,False,0.65,False
08ee7177-102c-4ec6-abb1-821a72f19177,checkout,5257.79,1,card,Z9,True,True,False,0.45,False
956f0df2-fb56-4d6b-a83b-40a3ddae2027,subscription,499.0,22,card,mandate_expired,True,True,False,0.4,False
8ce6e6b1-a38d-47d5-b770-51d9a7f6ccc3,receivable,237739.45,10,bank_transfer,overdue_no_dispute,False,False,False,0.35,False
1d9ad3d4-e312-4f31-8696-3aeeeba25d55,checkout,12935.25,15,upi,U69,False,False,False,0.65,True
7dac8fa1-44fd-4eca-b025-7677e712325f,subscription,2499.0,12,card,mandate_expired,False,False,False,0.4,False
6a2ae93a-bec1-4d8e-b6d9-4bf7aec66a45,checkout,1983.03,16,card,U69,False,False,False,0.65,False
c02c5e74-60c6-41b5-bec4-6e0a6b67fb6a,receivable,12953.2,13,bank_transfer,overdue_no_dispute,True,False,False,0.35,False
d9550f60-d944-48cd-9fc3-141ff55efe58,checkout,5240.52,21,netbanking,Z9,True,True,False,0.45,False
5926d2ee-e753-49a3-8f0c-1b9e758fad56,receivable,9213.14,19,bank_transfer,overdue_no_dispute,True,True,False,0.35,False
2ef9fa2b-e31e-4c58-80ac-e4199b52e436,receivable,107427.74,12,bank_transfer,overdue_with_dispute_flag,False,False,False,0.35,False
a164eed1-461e-4e2e-9d8d-b8963cf255a3,receivable,6425.32,13,bank_transfer,overdue_no_dispute,False,False,False,0.35,False
b4e81fc8-1d67-4ad0-804c-0e125e4f6015,receivable,121696.01,13,bank_transfer,overdue_no_dispute,False,False,False,0.35,False
068d9fd9-7eac-4231-878b-b33bbffffd55,checkout,830.77,10,upi,U69,True,False,False,0.65,False
a3ea9624-9648-4f19-962c-c66f502dd98c,checkout,4786.28,4,upi,U69,True,True,False,0.65,False
36e06041-ab0a-4a72-954d-9ea5c313238f,checkout,2873.24,22,card,U69,False,False,False,0.65,False
11755148-6868-4ce7-a81e-f2de20cf01ab,checkout,13685.84,16,upi,Z9,True,True,False,0.45,False
c1016a98-c0b0-442e-94a5-6b0901fa49e1,checkout,8147.91,10,upi,U28,True,False,False,0.55,True
98662a23-fd3f-41ce-990d-9429320868e6,checkout,7432.22,9,upi,S3,False,False,False,0.0,False
6cb1ae49-6fa9-4cc9-8dbb-d58a46b8af89,checkout,2078.59,21,upi,U69,True,False,False,0.65,False
401d62c9-5222-46cb-af1f-06391fccc96e,subscription,499.0,17,card,mandate_paused,True,False,False,0.4,False
53c19a13-bb90-4d62-ac5f-84fc6bb44f80,checkout,9659.77,9,upi,Z9,False,False,False,0.45,False
2d2588ef-e00d-4086-a356-ef4a9be01b2e,checkout,6977.84,17,upi,U28,True,True,False,0.55,False
575cb99b-f2fc-4301-9136-31fbb655b7e0,subscription,2499.0,23,upi_mandate,mandate_paused,False,False,False,0.4,False
487c264f-21c7-4aa2-9e9e-5b95a822751c,subscription,299.0,13,card,mandate_expired,False,True,True,0.4,False
0ecac8a0-526f-408d-ac1c-c5b2d5a58f1b,checkout,10197.47,6,card,U16,True,False,False,0.0,False
1f056de9-fd75-4d24-8b75-1d49d35c1bb6,checkout,12091.5,17,upi,U69,True,True,False,0.65,False
e016fe17-f247-4475-8212-3c6590e70e89,checkout,6071.62,18,upi,Z9,False,True,True,0.45,False
1dee82f0-6a32-4c4d-a22f-59de0963fe86,subscription,999.0,19,upi_mandate,mandate_paused,True,False,False,0.4,False
c1c2a4f3-65dd-4693-84cc-cf29080d527f,receivable,158043.18,15,bank_transfer,overdue_no_dispute,False,False,False,0.35,False
a9ccefc8-3dd9-4e30-9e56-9466ae28abf1,receivable,103124.17,20,bank_transfer,overdue_no_dispute,False,False,False,0.35,False
08769850-6f06-40c6-bc3f-f31a244c7b30,checkout,10655.35,19,upi,U69,False,False,False,0.65,False
687a2c06-38cd-4c31-ada7-7f436c10c630,checkout,5938.46,15,upi,U28,True,True,True,0.55,False
8dae88d7-26ea-4f72-b888-678b3afb8b7d,subscription,999.0,8,card,mandate_paused,False,False,False,0.4,False
874488ff-8d58-4f88-b2f3-b354e127bdc2,receivable,58395.56,10,bank_transfer,overdue_no_dispute,False,False,False,0.35,False
eddc2e87-f065-47d8-a2a1-852497bdea89,checkout,5299.77,11,upi,U69,True,True,False,0.65,False
97bb11bc-7c23-4e20-976b-7c8431384cb1,subscription,999.0,12,upi_mandate,mandate_paused,True,False,False,0.4,False
bbb5a658-3d19-4f62-a152-12ad91267976,checkout,4223.52,15,upi,59,True,False,False,0.0,False
aafe007b-e62b-49a4-aa92-dba91cb25be4,checkout,2334.31,15,upi,U69,True,True,True,0.65,False
0026bb9b-048b-469a-896e-926b8b20224f,subscription,4999.0,9,card,mandate_expired,True,False,False,0.4,False
f1da11b6-55e6-42bf-b62f-30e77d63e31c,checkout,4050.88,17,upi,Z9,True,False,False,0.45,False
e9234f49-17b4-4d26-8047-af4c9dac48b5,subscription,299.0,2,upi_mandate,mandate_expired,False,False,False,0.4,False
cf6082e7-cea7-4683-a8d3-68cf1f233277,checkout,8383.91,5,upi,U69,True,True,False,0.65,False
a3314120-7ef2-4dda-be1a-1c35d1531b5d,receivable,197160.22,18,bank_transfer,overdue_no_dispute,True,True,False,0.35,False
628e4404-5b87-4403-a830-51369ebcda9d,subscription,1499.0,11,upi_mandate,mandate_paused,True,True,False,0.4,False
0e52aaec-d7bc-430b-b256-f9de8fd84e61,checkout,4460.87,14,upi,U69,False,False,False,0.65,False
8d311574-61a3-4927-8b0e-fe9340cfbd3d,checkout,12450.22,18,upi,U69,True,False,False,0.65,False
01be1182-afd1-416a-9388-21333a4d896d,subscription,4999.0,19,card,mandate_expired,True,False,False,0.4,False
cfc845aa-4174-4d00-94fa-84476431fa6f,receivable,215836.65,20,bank_transfer,overdue_with_dispute_flag,False,False,False,0.35,False
e633d120-3c03-4704-8b4f-c10073b5095d,checkout,5050.5,12,upi,Z9,False,False,False,0.45,False
7affb191-5a36-4e53-9aab-20121329f0a3,checkout,11152.72,15,card,U69,True,True,True,0.65,False
b14d2d5b-f888-4428-bffa-6d7a9f1f0f63,receivable,138007.96,13,bank_transfer,overdue_no_dispute,True,False,False,0.35,False
c7a26867-5c2c-4a51-a8d2-17ee23103906,subscription,299.0,13,card,mandate_expired,True,True,False,0.4,False
fa3df9c4-8217-4ecf-8851-4c77ca7deeb1,subscription,2499.0,12,card,mandate_expired,False,False,False,0.4,False
59191988-e8db-4a91-99e6-1a67448a2b5f,checkout,513.98,15,upi,Z9,True,False,False,0.45,False
f204b0d5-041d-4659-87d5-ae113da2bda8,subscription,4999.0,11,card,mandate_expired,False,False,False,0.4,False
9b9254d3-8c5a-4db0-92dd-8f94e7af3b37,receivable,173077.09,13,bank_transfer,overdue_no_dispute,True,False,False,0.35,False
2cb8971e-c414-42e7-aae4-758aee1113bf,checkout,8653.03,1,upi,Z9,False,False,False,0.45,False
5ff6d551-4ac1-4fa7-a285-c6efe9892350,receivable,55711.0,16,bank_transfer,overdue_no_dispute,False,False,False,0.35,False
6a41a472-ee0c-42bc-ad24-7612ecc672d5,checkout,6438.65,9,upi,U69,True,True,False,0.65,False
2739aa8f-f2f2-48ef-bbc7-1eff82b2c9ac,receivable,143072.96,17,bank_transfer,overdue_no_dispute,True,False,False,0.35,False
6529458d-6414-41c8-aeb2-b55fcbc396ad,receivable,141994.26,8,bank_transfer,overdue_no_dispute,True,False,False,0.35,False
5695317a-e4cd-43e5-8760-965fc3d35675,subscription,2499.0,19,card,mandate_paused,True,False,False,0.4,False
c0baa131-abc8-48e6-b873-6f0efa6ba953,checkout,363.7,12,upi,Z9,True,True,True,0.45,False
c7dc0861-7e1d-4652-8962-11b024e67ee2,checkout,7931.14,17,upi,Z9,False,False,False,0.45,False
edd44ec3-3062-498d-bc03-23ea7e769c27,checkout,14310.64,5,upi,U28,False,True,True,0.55,True
683e1e3a-2e3d-464e-a8ca-bc451f553fce,checkout,11048.37,23,card,U28,False,False,False,0.55,False
3f18117d-a07b-4171-8570-4b50ce57f493,checkout,13637.06,10,upi,U69,False,False,False,0.65,False
f69bb3c5-9992-46d1-87d5-1ff41e4b7e08,subscription,299.0,19,card,mandate_expired,True,False,False,0.4,False
e3270b2a-80f1-4c29-8661-816b793caaf3,subscription,499.0,12,card,mandate_expired,False,False,False,0.4,False
998d9ef8-9013-42c0-98e7-bc0f01616c42,checkout,1367.16,1,upi,U69,False,False,False,0.65,False
2198377e-86cf-46ac-9289-44f05744f20b,checkout,8023.15,9,upi,U28,False,False,False,0.55,False
a222dafb-dac8-424e-83d2-e1f22edd2076,checkout,9654.56,22,upi,Z9,True,False,False,0.45,False
19aea86d-0f0d-49ac-8035-12f3f285ca1c,checkout,6343.44,15,upi,Z9,False,False,False,0.45,False
50591193-7413-418e-a2c9-8f308f7db4e2,checkout,13174.25,10,upi,U28,False,False,False,0.55,False
a50baf71-3819-4fce-bba6-1bf2a4539196,receivable,219614.59,14,bank_transfer,overdue_no_dispute,True,False,False,0.35,False
82a78be6-8fd9-49c0-8079-f7d73ee198e7,checkout,3308.41,13,upi,Z9,True,True,False,0.45,False
5879bf8c-fb28-46a0-878f-a408ae0d419c,subscription,499.0,3,card,mandate_expired,True,True,False,0.4,False
03ef0957-f3b8-4774-abd9-e20dcf76e8ec,checkout,11571.21,8,card,Z9,False,True,True,0.45,False
546b6d63-4622-4221-b562-c69f16e8ee2f,subscription,299.0,12,upi_mandate,mandate_paused,True,True,False,0.4,False
d14616cd-33c0-4b77-8bfc-043ae2e9d819,checkout,14767.49,2,upi,U69,True,False,False,0.65,False
34de2757-9c6a-4fd0-aebb-92ae75e1f6f0,subscription,299.0,17,card,mandate_paused,True,False,False,0.4,False
99b454da-72d6-4347-a862-265d8246343b,checkout,6698.85,16,upi,34,True,False,False,0.0,False
71781b0b-4e26-4442-a915-894b6801f446,receivable,32919.53,11,bank_transfer,overdue_no_dispute,False,False,False,0.35,False
f1abc103-4b3c-4a9f-a7d6-aa5a63d91a63,subscription,4999.0,19,card,mandate_paused,False,False,False,0.4,False
9afa8191-928c-4e8b-af2e-c4893ff84bb0,checkout,7951.54,8,card,U69,True,True,False,0.65,False
910b5668-2a53-4854-9500-30ab0f9e041b,checkout,14431.43,11,upi,U28,False,True,True,0.55,False
38a7c097-7b22-4711-b5f5-76292fa5907e,checkout,10537.83,14,card,Z9,True,False,False,0.45,False
55239f4f-557d-4e15-a84a-cda93a8dd269,checkout,10639.36,3,upi,Z9,True,False,False,0.45,False
32896b78-44ad-4df6-ae85-991bd915f8e8,receivable,115629.18,16,bank_transfer,overdue_no_dispute,True,False,False,0.35,False
16d41b1a-73e4-4f04-b4f3-a42dbcad749c,receivable,55004.27,18,bank_transfer,overdue_no_dispute,False,False,False,0.35,False
d992e9c9-3998-48b3-8a64-26502fe04b22,checkout,10348.57,14,upi,U69,False,False,False,0.65,False
781e7f49-3917-41bf-a2f6-ccd3bac51bc2,checkout,8332.3,15,upi,Z9,False,False,False,0.45,False
098d41a0-352c-4824-978c-62e8fec6f8f9,checkout,2364.88,12,netbanking,Z9,False,False,False,0.45,False
02eb604f-5504-435a-834e-d7c1327287ed,checkout,12659.47,18,card,Z9,False,False,False,0.45,False
c959919c-19aa-437f-8345-fde71e297fb9,checkout,12643.36,17,card,Z9,False,False,False,0.45,False
57ab6f6c-470d-461c-a96f-106a8189dcbf,subscription,4999.0,17,card,mandate_expired,False,False,False,0.4,False
82b0477c-7a43-4576-8aaf-b2a05dbd7e5c,checkout,9883.01,19,upi,S3,False,False,False,0.0,False
6e233a28-abc0-45ca-8525-354ee9608189,checkout,200.03,22,card,U69,False,False,False,0.65,False
5242d440-de43-407d-9e9f-58aa461282e9,checkout,10635.47,16,card,U69,False,False,False,0.65,False
f348c8c4-adb9-4b3b-bcd9-d5ae6d510aaf,checkout,1437.85,13,upi,U69,True,True,True,0.65,False
816d5c17-f38f-44e2-8b23-4ef53745b5ba,checkout,13830.59,8,card,Z9,True,False,False,0.45,True
ab3a6dde-714c-40c0-a828-1051d4fe6bf9,subscription,1499.0,20,card,mandate_expired,False,False,False,0.4,False
74cd38a5-7a5e-47b9-8e34-03c030191674,checkout,5061.15,9,upi,Z9,True,False,False,0.45,False
18ebaa84-cb89-4b97-bfc0-8de80e933abe,checkout,3303.44,18,upi,Z9,True,False,False,0.45,False
e9cdfcb8-6843-4698-a955-1577e7965c81,receivable,39019.5,8,bank_transfer,overdue_no_dispute,False,False,False,0.35,False
10758553-cef2-43a9-bb58-c85eac06ea49,checkout,10524.41,14,upi,Z9,False,False,False,0.45,False
22395ada-788f-413d-a492-14a40135239a,subscription,2499.0,14,upi_mandate,mandate_expired,False,False,False,0.4,False
abbbe042-45ac-4975-a362-68a6655a0adc,checkout,3279.68,0,upi,U69,True,True,False,0.65,False
3ae88698-25a1-4141-a3c7-9837ac401470,receivable,95824.75,12,bank_transfer,overdue_no_dispute,False,False,False,0.35,False
16f36640-642e-478a-98ba-302a2e29d3d7,checkout,1544.99,17,upi,Z9,True,True,False,0.45,False
b9a235b1-6e63-45e9-810b-7e3c728aa6af,checkout,10732.16,12,upi,Z9,True,False,False,0.45,False
1d38f865-e858-4384-b81b-9ce9a877b2cc,checkout,2330.51,8,upi,Z9,False,False,False,0.45,False
a5009fb7-d5da-49c6-8fd1-2df72985d1c4,checkout,7440.68,1,card,U28,True,True,False,0.55,False
88b38a39-6912-4731-b75c-e30f7a9e0079,subscription,1499.0,11,upi_mandate,mandate_expired,False,False,False,0.4,False
5e987483-2c2d-4741-8ca9-a800a1a1efd7,checkout,4873.57,20,upi,U28,False,True,True,0.55,False
fe0a445c-a3c5-4624-a5c1-cd9fbbd7f18d,checkout,5089.39,8,upi,U69,False,False,False,0.65,False
d5c5c250-933e-4526-983c-34a86af1c821,subscription,499.0,19,upi_mandate,mandate_expired,True,False,False,0.4,False
5e344c2b-a7d1-43ce-b5b7-5eebc790be14,subscription,999.0,3,card,mandate_expired,True,True,False,0.4,False
f5b0b47e-fe14-468b-b88b-9936a9aad847,checkout,7374.6,10,card,U69,False,False,False,0.65,False
e65676c5-b236-4134-94b5-431be6f8cb3a,checkout,2060.59,13,upi,U69,True,True,True,0.65,False
ea387cf7-c4e6-414b-9604-c0e5a872bc8f,checkout,3595.23,20,card,U28,False,False,False,0.55,False
b091dda0-5b2f-40ae-ad03-526f9b7a17dc,receivable,89378.43,3,bank_transfer,overdue_no_dispute,True,False,False,0.35,False
4710a46c-d788-40db-a90d-b926ce2aa09c,receivable,114166.53,14,bank_transfer,overdue_no_dispute,True,False,False,0.35,False
d3028558-b49b-4e67-a511-e2ce9c48ebc5,checkout,149.82,22,card,U28,True,True,True,0.55,False
4b2c0a10-56bf-4164-9682-b6c745f1b39c,receivable,120648.86,8,bank_transfer,overdue_no_dispute,False,False,False,0.35,False
13d70019-78e4-4f79-ab5c-a5eb098832ee,subscription,499.0,17,upi_mandate,mandate_paused,False,True,True,0.4,False
07a8b698-9d71-4b70-a55b-49e5531f8e27,checkout,7470.68,9,upi,U69,True,True,False,0.65,False
0a6a9601-51e9-4db3-909c-cf4c5334fa92,checkout,13611.24,12,upi,Z9,True,True,False,0.45,False
f5dd23f0-8e2f-418e-a708-bdcaebeef8c2,subscription,2499.0,8,upi_mandate,mandate_paused,False,False,False,0.4,False
9bd172fb-3cf1-44f7-9886-744daffc1330,checkout,12410.41,11,card,34,True,False,False,0.0,False
fa194feb-455f-4c0e-8bca-8df96deaac2f,subscription,299.0,12,card,mandate_expired,False,False,False,0.4,False
4488b34d-e588-4de8-9b9a-1bce63128040,subscription,299.0,14,upi_mandate,mandate_paused,False,False,False,0.4,False
cb026123-33c8-46ea-b228-5a8368bb96e6,subscription,4999.0,10,upi_mandate,mandate_expired,False,False,False,0.4,False
32a1e1bb-1495-4688-bf65-8dfd8d68301b,subscription,499.0,17,card,mandate_paused,False,False,False,0.4,False
908db283-c9d8-4992-ae44-9bdead0a8d8f,checkout,2846.9,16,upi,Z9,False,False,False,0.45,False
96410428-20d0-4ea8-83b5-79113a111919,checkout,8559.0,20,upi,Z9,False,False,False,0.45,False
7259353e-bca7-4803-927e-15db0fe7cf48,checkout,5885.84,16,upi,Z9,True,True,False,0.45,False
15529ceb-ab61-49d5-96ac-5b8ce67d4fc3,receivable,7659.41,9,bank_transfer,overdue_no_dispute,True,True,False,0.35,False
17ffdec3-19ff-4d96-8731-79de19cf16eb,subscription,4999.0,0,card,mandate_expired,True,True,False,0.4,False
eedb9e90-6a5a-4f1a-ae5a-429de05130a0,receivable,128555.96,12,bank_transfer,overdue_no_dispute,False,False,False,0.35,False
4329c415-ce68-48e5-bf3d-41b83ce3100e,checkout,6079.95,14,card,U69,True,True,False,0.65,False
36135533-a769-498e-93a8-c26eb120785b,receivable,100424.04,23,bank_transfer,overdue_no_dispute,True,False,False,0.35,False
bdc4b7b1-c9b8-4055-bab9-8a19059cd93f,subscription,1499.0,23,upi_mandate,mandate_paused,True,True,False,0.4,False
eb2c7be4-14f6-4081-b4b8-f55b4e2b3812,subscription,299.0,15,card,mandate_paused,False,False,False,0.4,False
a3fa1309-162a-4954-81f9-ea916207fe52,checkout,12641.72,16,netbanking,Z9,True,False,False,0.45,False
bfdb96c0-6d93-41de-b4a4-3c24fb5b7cde,receivable,195579.84,13,bank_transfer,overdue_no_dispute,False,False,False,0.35,False
406bc69f-7719-4e11-95c8-bb5f7736d2dc,subscription,299.0,13,card,mandate_paused,True,False,False,0.4,False
341e9b86-5c40-440b-995c-a9290110df0a,receivable,245134.87,3,bank_transfer,overdue_no_dispute,False,False,False,0.35,False
c49726f2-1d05-4e65-b733-aa510f49c202,subscription,2499.0,17,upi_mandate,mandate_expired,False,False,False,0.4,False
e4edd5fc-3354-4268-9c1d-76d02cea5f21,subscription,4999.0,3,upi_mandate,mandate_expired,False,True,True,0.4,False
b0828015-a395-48cb-8b2e-1fc48cb36e82,checkout,1211.75,13,upi,Z9,True,True,True,0.45,False
250407c9-6df8-401f-bf5b-88f8fc12c579,checkout,9447.15,4,upi,U28,True,True,False,0.55,False
3b059853-6e6d-4496-8d30-68a682181e9c,checkout,14788.93,12,upi,Z9,True,False,False,0.45,False
